{"_id": "MEM10001",
	"Auth":{"AuthType":""},
	"Main":{"LastName":"Smith","FirstName":"Michael","Sex":"M"},
	"Address":{"Street":"1 Main Street","City":"Edison","State":"NJ","Zip":"08818"},
	"Contact":{"Cell1":"7325558273","Email":"michael.smith@uconnect.com","Other":""},
	"LinkedMember":[{}],
	"LinkedGroup":[{"GroupId":"GRPFAM10001","GroupName":"MyFamily","IsOwner":true,"GroupType":"Private","StartDt": "12/24/2016 11:32AM" ,"EndDt":""}],
	"LinkedVendor":[{}],
	"BusyHours":[{"Week":"*","WeekDay":["MO","TU","WE","TH","FR"],"StartHours":"09:00","EndHours":"17:00"}],
	"BusyDays":[{"StartDate": "12/24/2016 11:32AM" ,"EndDate":"","CreatedDt": "12/24/2016 11:32AM" }],
	"VacationDays":[{}], 
	"MyFavorite":[{}],
	"MyBlocked":[{}]}
{"_id": "MEM10002",
	"Auth":{"AuthType":""},
	"Main":{"LastName":"Smith","FirstName":"Dianna","Sex":"F"},
	"Address":{"Street":"1 Main Street","City":"Edison","State":"NJ","Zip":"08818"},
	"Contact":{"Cell1":"7325551288","Email":"dianna.smith@uconnect.com","Other":""},
	"LinkedMember":[{}],
	"LinkedGroup":[{"GroupId":"GRPFAM10002","GroupName":"MyFamily","IsOwner":true,"GroupType":"Private","StartDt": "12/24/2016 11:32AM" ,"EndDt":""}],
	"LinkedVendor":[{}],
	"BusyHours":[{"Week":"*","WeekDay":["MO","TU","WE","TH","FR"],"StartHours":"09:00","EndHours":"17:00"}],
	"BusyDays":[{"StartDate": "12/24/2016 11:32AM" ,"EndDate":"","CreatedDt": "12/24/2016 11:32AM" }],
	"VacationDays":[{}],
	"MyFavorite":[{}],
	"MyBlocked":[{}]
}
{"_id": "MEM10003",
	"Auth":{"AuthType":""},
	"Main":{"LastName":"River","FirstName":"John","Sex":"M"},
	"Address":{"Street":"2 Main Street","City":"South Plainfield","State":"NJ","Zip":"08819"},
	"Contact":{"Cell1":"7325550014","Email":"john.river@uconnect.com","Other":""},
	"LinkedMember":[{}],
	"LinkedGroup":[{"GroupId":"GRPFAM10003","GroupName":"MyFamily","IsOwner":true,"GroupType":"Private","StartDt": "12/24/2016 11:32AM" ,"EndDt":""}],
	"LinkedVendor":[{}],
	"BusyHours":[{"Week":"*","WeekDay":["MO","TU","WE","TH","FR"],"StartHours":"09:00","EndHours":"17:00"}],
	"BusyDays":[{"StartDate": "12/24/2016 11:32AM" ,"EndDate":"","CreatedDt": "12/24/2016 11:32AM" }],	                  
	"VacationDays":[{}],
	"MyFavorite":[{}],
	"MyBlocked":[{}]
}
{"_id": "MEM10004",
	"Auth":{"AuthType":""},
    "Main":{"LastName":"Risote","FirstName":"David","Sex":"M"},
	"Address":{"Street":"5 Main Street","City":"Iselin","State":"NJ","Zip":"08820"},
	"Contact":{"Cell1":"9085555328","Email":"david.risote@uconnect.com","Other":""},
	"LinkedMember":[{}],
	"LinkedGroup":[{"GroupId":"GRPFAM10003","GroupName":"MyFamily","IsOwner":true,"GroupType":"Private","StartDt": "12/24/2016 11:32AM" ,"EndDt":""}],
	"LinkedVendor":[{}],
	"BusyHours":[{"Week":"*","WeekDay":["MO","TU","WE","TH","FR"],"StartHours":"09:00","EndHours":"17:00"}],
	"BusyDays":[{"StartDate": "12/24/2016 11:32AM" ,"EndDate":"","CreatedDt": "12/24/2016 11:32AM" }],	                  
	"VacationDays":[{}],
	"MyFavorite":[{}],
	"MyBlocked":[{}]
}
{"_id": "MEM10005",
	"Auth":{"AuthType":""},
	"Main":{"LastName":"Weisset","FirstName":"Marcal","Sex":"M"},
	"Address":{"Street":"100 Baker Street","City":"Edison","State":"NJ","Zip":"08818"},
	"Contact":{"Cell1":"9085555352","Email":"marcal.weisset@uconnect.com","Other":""},
	"LinkedMember":[{}],
	"LinkedGroup":[{"GroupId":"GRPFAM10003",
	                "GroupName":"MyFamily","IsOwner":true,"GroupType":"Private","StartDt": "12/24/2016 11:32AM" ,"EndDt":""}],
	"LinkedVendor":[{}],
	"BusyHours":[{"Week":"*","WeekDay":["MO","TU","WE","TH","FR"],"StartHours":"09:00","EndHours":"17:00"}],
	"BusyDays":[{"StartDate": "12/24/2016 11:32AM" ,"EndDate":"","CreatedDt": "12/24/2016 11:32AM" }],	                  
	"VacationDays":[{}],
	"MyFavorite":[{}],
	"MyBlocked":[{}]
}
{"_id": "MEM10006",
	"Auth":{"AuthType":""},
	"Main":{"LastName":"Johnson","FirstName":"Frank","Sex":"M"},
	"Address":{"Street":"100 Dvolt Ave","City":"Princetion","State":"NJ","Zip":"08839"},
	"Contact":{"Cell1":"6095551201","Email":"frank.johnson@uconnect.com","Other":""},
	"LinkedMember":[{}],
	"LinkedGroup":[{"GroupId":"GRPFAM10003","GroupName":"MyFamily","IsThisMemberOwner":false,"StartDt": "12/24/2016 11:32AM" ,"EndDt":""}],
	"LinkedVendor":[{}],
	"BusyHours":[{"Week":"*","WeekDay":["MO","TU","WE","TH","FR"],"StartHours":"09:00","EndHours":"17:00"}],
	"BusyDays":[{"StartDate": "12/24/2016 11:32AM" ,"EndDate":"","CreatedDt": "12/24/2016 11:32AM" }],	                  
	"VacationDays":[{}],
	"MyFavorite":[{}],
	"MyBlocked":[{}]
}
{"_id": "MEM10007",
	"Auth":{"AuthType":""},
	"Main":{"LastName":"Johnson","FirstName":"Michele","Sex":"F"},
	"Address":{"Street":"100 Dvolt Ave","City":"Princetion","State":"NJ","Zip":"08839"},
	"Contact":{"Cell1":"6095551223","Email":"michele.johnson@uconnect.com","Other":""},
	"LinkedMember":[{}],
	"LinkedGroup":[{"GroupId":"GRPFAM10003","GroupName":"MyFamily","IsThisMemberOwner":false,"StartDt": "12/24/2016 11:32AM" ,"EndDt":""}],
	"LinkedVendor":[{}],
	"BusyHours":[{"Week":"*","WeekDay":["MO","TU","WE","TH","FR"],"StartHours":"09:00","EndHours":"17:00"}],
	"BusyDays":[{"StartDate": "12/24/2016 11:32AM" ,"EndDate":"","CreatedDt": "12/24/2016 11:32AM" }],	                  
	"VacationDays":[{}],
	"MyFavorite":[{}],
	"MyBlocked":[{}]
}
{"_id": "MEM10008",
	"Auth":{"AuthType":""},
	"Main":{"LastName":"Milasi","FirstName":"Michele","Sex":"M"},
	"Address":{"Street":"10 Maltek Ave","City":"Rutherford","State":"NJ","Zip":"08813"},
	"Contact":{"Cell1":"6095551212","Email":"michael.milasi@uconnect.com","Other":""},
	"LinkedMember":[{}],
	"LinkedGroup":[{"GroupId":"GRPFAM10003","GroupName":"MyFamily","IsThisMemberOwner":true,"StartDt": "12/24/2016 11:32AM" ,"EndDt":""}],
	"LinkedVendor":[{}],
	"BusyHours":[{"Week":"*","WeekDay":["MO","TU","WE","TH","FR"],"StartHours":"09:00","EndHours":"17:00"}],
	"BusyDays":[{"StartDate": "12/24/2016 11:32AM" ,"EndDate":"","CreatedDt": "12/24/2016 11:32AM" }],	                  
	"VacationDays":[{}],
	"MyFavorite":[{}],
	"MyBlocked":[{}]
}
{"_id": "MEM10009",
	"Auth":{"AuthType":""},
	"Main":{"LastName":"Bhat","FirstName":"Vishal","Sex":"M"},
	"Address":{"Street":"10 Ridgefield Street","City":"Edison","State":"NJ","Zip":"08818"},
	"Contact":{"Cell1":"7325554326","Email":"vishal.bhat@uconnect.com","Other":""},
	"LinkedMember":[{}],
	"LinkedGroup":[{"GroupId":"GRPFAM10003","GroupName":"MyFamily","IsThisMemberOwner":true,"StartDt": "12/24/2016 11:32AM" ,"EndDt":""}],
	"LinkedVendor":[{}],
	"BusyHours":[{"Week":"*","WeekDay":["MO","TU","WE","TH","FR"],"StartHours":"09:00","EndHours":"17:00"}],
	"BusyDays":[{"StartDate": "12/24/2016 11:32AM" ,"EndDate":"","CreatedDt": "12/24/2016 11:32AM" }],	                  
	"VacationDays":[{}],
	"MyFavorite":[{}],
	"MyBlocked":[{}]
}
{"_id": "MEM10010",
	"Auth":{"AuthType":""},
	"Main":{"LastName":"Singh","FirstName":"Anil","Sex":"M"},
	"Address":{"Street":"10 River Rodad","City":"South Brunswick","State":"NJ","Zip":"08820"},
	"Contact":{"Cell1":"7325551219","Email":"anil.singh@uconnect.com","Other":""},
	"LinkedMember":[{}],
	"LinkedGroup":[{"GroupId":"GRPFAM10003","GroupName":"MyFamily","IsThisMemberOwner":true,"StartDt": "12/24/2016 11:32AM" ,"EndDt":""}],
	"LinkedVendor":[{}],
	"BusyHours":[{"Week":"*","WeekDay":["MO","TU","WE","TH","FR"],"StartHours":"09:00","EndHours":"17:00"}],
	"BusyDays":[{"StartDate": "12/24/2016 11:32AM" ,"EndDate":"","CreatedDt": "12/24/2016 11:32AM" }],	                  
	"VacationDays":[{}],
	"MyFavorite":[{}],
	"MyBlocked":[{}]
}

{"_id": "MEM10011",
	"Auth":{"AuthType":""},
	"Main":{"LastName":"Doyale","FirstName":"Randolph","Sex":"M"},
	"Address":{"Street":"235 Myer Street","City":"South Brunswick","State":"NJ","Zip":"08820"},
	"Contact":{"Cell1":"7325551220","Email":"doyale.randpolph@uconnect.com","Other":""},
	"LinkedMember":[{}],
	"LinkedGroup":[{"GroupId":"GRPFAM10004","GroupName":"MyFamily","IsThisMemberOwner":true,"StartDt": "12/24/2016 11:32AM" ,"EndDt":""}],
	"LinkedVendor":[{}],
	"BusyHours":[{"Week":"*","WeekDay":["MO","TU","WE","TH","FR"],"StartHours":"09:00","EndHours":"17:00"}],
	"BusyDays":[{"StartDate": "12/24/2016 11:32AM" ,"EndDate":"","CreatedDt": "12/24/2016 11:32AM" }],	                  
	"VacationDays":[{}],
	"MyFavorite":[{}],
	"MyBlocked":[{}]
}